winery id,winery
v00001,Maselva
v00002,Ernesto Ruffo
v00003,Cartuxa
v00004,Schrader
v00005,Hundred Acre
v00006,Sine Qua Non
v00007,Del Dotto
v00008,Darioush
v00009,Garbole
v00010,Scarecrow
v00011,E. Guigal
v00012,
v00013,Domaine Armand Rousseau
v00014,Catena Zapata
v00015,Bodegas Valduero
v00016,Brion
v00017,Gargiulo
v00018,Conterno
v00019,Amici
v00020,De Toren
v00021,B Cellars
v00022,Hall
v00023,4G
v00024,Dana
v00025,Takler
v00026,Marion
v00027,Outpost
v00028,Jacques-Frederic Mugnier
v00029,Tenuta Carretta
v00030,Teso La Monja
v00031,Purlieu
v00032,Pine Ridge
v00033,Cliff Lede
v00034,Abreu
v00035,Realm
v00036,Lynmar Estate
v00037,Domaine de La Romanée-Conti
v00038,Bryant Family Vineyard
v00039,Antonio Don Px
v00040,Wild Duck Creek Estate
v00041,Blason Louis
v00042,Tedeschi
v00043,Vietti
v00044,Geoff Merrill
v00045,Robert Foley Vineyards
v00046,Henri Jayer
v00047,Promise
v00048,Giacomo Fenocchio
v00049,Black Stallion
v00050,Mollydooker
v00051,Le Pin
v00052,Benziger
v00053,Veiga
v00054,Small Gully
v00055,Casa Ferreirinha
v00056,Vega Sicilia
v00057,Château Latour
v00058,Viña Cobos
v00059,Château Margaux
v00060,Pétrus
v00061,Quintarelli Giuseppe
v00062,Château Lafite Rothschild
v00063,Masseto
v00064,Château Cheval Blanc
v00065,Tenuta San Guido
v00066,Cakebread
v00067,ZD Wines
v00068,Frank Family
v00069,Penfolds
v00070,Harlan Estate
v00071,Tusk
v00072,Montes
v00073,Lokoya
v00074,Screaming Eagle
v00075,Monteviejo
v00076,Shafer
v00077,Palmaz
v00078,Douro Boys
v00079,Tres Mil Botellas
v00080,Scheiblhofer
v00081,Ovid
v00082,Colgin
v00083,Zýmē
v00084,Château Mouton Rothschild
v00085,Promontory
v00086,Gaja
v00087,Not a Wine
v00088,Joseph Phelps
v00089,Villa Rinaldi
v00090,Bovin
v00091,Soldera
v00092,Henschke
v00093,Henri Bonneau
v00094,Dal Forno Romano
v00095,Baron Philippe de Rothschild
v00096,Bond
v00097,Château Ausone
v00098,Bevan Cellars
v00099,Bodega Contador (Benjamín Romeo)
v00100,Cirq
v00101,Memento Mori
v00102,Maybach Family Vineyards
v00103,Rudd
v00104,Kamen
v00105,Casa Agrícola Santana Ramalho (CSR)
v00106,Vale D. Maria
v00107,Domaine Comte Georges de Vogüé
v00108,Ferragù
v00109,Château Rayas
v00110,Moone-Tsai
v00111,Cade
v00112,Favia
v00113,Peter Michael
v00114,David Arthur
v00115,Torbreck
v00116,The Crane Assembly
v00117,Futo
v00118,Burly
v00119,Monte Faustino
v00120,Pago de Carraovejas
v00121,Álvaro Palacios
v00122,Pulido-Walker
v00123,Parusso
v00124,Antinori
v00125,Macauley
v00126,Casa Castillo
v00127,Jaro
v00128,Kapcsandy
v00129,Castiglion del Bosco
v00130,Kinsella Estates
v00131,Podere Il Carnasciale
v00132,Blankiet
v00133,Nine Suns
v00134,Giuseppe Rinaldi
v00135,Williams Selyem
v00136,Martinet
v00137,Dalla Valle
v00138,Saxum
v00139,Bertani
v00140,Domaine G. Roumier
v00141,Kanonkop
v00142,Fait Main
v00143,Martin Estate
v00144,Von Strasser
v00145,Tornesi
v00146,Gandona
v00147,Seaver Vineyards
v00148,Brand
v00149,Corra
v00150,Carter Cellars
v00151,Château La Violette
v00152,Fairchild Estate
v00153,Hestan Vineyards
v00154,Castillo Perelada
v00155,Domaine Anne Gros
v00156,La Poderina
v00157,Haber
v00158,Dona Dorinda
v00159,Clos Erasmus
v00160,I Campi
v00161,Emmanuel Rouget
v00162,Domaine Ponsot
v00163,Larkmead
v00164,Far Niente
v00165,Alban Vineyards
v00166,Aldo Conterno
v00167,Aubert
v00168,Fantesca Estate
v00169,Smith-Madrone Winery & Vineyards
v00170,Domaine Jacques Prieur
v00171,Paul Jaboulet Aîné
v00172,Ordóñez
v00173,Lazy Susan Ranch
v00174,Pierre Usseglio
v00175,Reynvaan
v00176,Château Haut-Brion
v00177,The Debate
v00178,Château la Négly
v00179,Château Ducru-Beaucaillou
v00180,Marqués de Murrieta
v00181,Sloan
v00182,Chimney Rock
v00183,Santa Rita
v00184,Parador
v00185,Legado
v00186,Heitz Cellar
v00187,PlumpJack
v00188,Turnbull
v00189,Celani Family Vineyards
v00190,Domaine Avéla
v00191,Domaine du Comte Liger-Belair
v00192,Vallone
v00193,Camigliano
v00194,Varvaglione
v00195,Paul Hobbs
v00196,Addax
v00197,Leonetti
v00198,Semper
v00199,La Jota
v00200,Three Sticks
v00201,Quinta do Crasto
v00202,Lasseter
v00203,Pride Mountain Vineyards
v00204,Elio Altare
v00205,Deep Creek - Hainle Vineyards
v00206,Hourglass
v00207,Trefethen
v00208,Hunnicutt
v00209,Hentley Farm
v00210,Louis Jadot
v00211,QTR
v00212,Cantine San Marzano
v00213,Bruno Rocca
v00214,Finca Moncloa
v00215,Staglin
v00216,Quinta do Zambujeiro
v00217,Lail Vineyards
v00218,Trinitas
v00219,Mirto
v00220,Achaval-Ferrer
v00221,Domaine Christophe Pichon
v00222,Krupp Brothers
v00223,Marchiopolo
v00224,Donum
v00225,Caymus
v00226,Almaviva
v00227,Opus One
v00228,Ornellaia
v00229,Château Pontet-Canet
v00230,Bussola
v00231,Stag's Leap Wine Cellars
v00232,Stefano Accordini
v00233,Nosotros
v00234,Château Montrose
v00235,Lapostolle
v00236,Quintessa
v00237,Château Pichon Longueville Comtesse de Lalande
v00238,Mouchao
v00239,Pegau
v00240,Château Angelus
v00241,Château Pavie
v00242,Continuum
v00243,Odette
v00244,Dominus
v00245,Domaine Coche-Dury
v00246,Jarvis
v00247,Château d'Yquem
v00248,Domaine Leflaive
v00249,Joseph Drouhin
v00250,Olivier Leflaive
v00251,M. Chapoutier
v00252,La Grange des Pères
v00253,Trimbach
v00254,Kongsgaard
v00255,Patrick Javillier
v00256,Keller
v00257,F.X. Pichler
v00258,Château de Puligny Montrachet
v00259,Alpha Omega
v00260,Raveneau
v00261,Franz Hirtzberger
v00262,Domaine des Comtes Lafon
v00263,Marcassin
v00264,Rafael Palacios
v00265,Didier Dagueneau (Louis-Benjamin Dagueneau)
v00266,Domaine d'Auvenay (Lalou Bize Leroy)
v00267,Fontaine-Gagnard
v00268,Domaine Thénard
v00269,Arkenstone
v00270,Domaine Valette
v00271,Joh. Jos. Prüm
v00272,Egon Müller - Scharzhof
v00273,Jean-Claude Ramonet
v00274,Morlet Family Vineyards
v00275,Etienne Sauzet
v00276,Von Winning
v00277,Hiedler
v00278,Michel Juillot
v00279,Faiveley
v00280,Jean Noël Gagnard
v00281,Lucien le Moine
v00282,Môreson
v00283,Attis
v00284,Amiot Guy
v00285,Clemens Strobl
v00286,Domaine Roulot
v00287,Cazes
v00288,Domaine des Héritiers Louis Jadot
v00289,Louis Carillon et Fils
v00290,Bachelet-Monnot
v00291,J.M. Boillot
v00292,Chateau Boswell
v00293,Philippe Pacalet
v00294,Domaine Michel Niellon
v00295,René Lequin-Colin
v00296,Vincent Dauvissat
v00297,Shibumi Knoll Vineyards
v00298,Quinta Nova
v00299,Dr. Bürklin-Wolf
v00300,Solo Quinta
v00301,Sadie Family
v00302,Vincent Girardin
v00303,Fattoria San Lorenzo
v00304,Domaine Serene
v00305,Château de Beaucastel
v00306,Ken Forrester
v00307,Marc Colin
v00308,Mullineux
v00309,Quinta Maria Izabel
v00310,Louis Latour
v00311,Bonneau du Martray
v00312,St. Michael-Eppan
v00313,Clos Rougeard
v00314,Giaconda
v00315,Pahlmeyer
v00316,Terlan (Terlano)
v00317,Jean Chartron
v00318,Cullen
v00319,Domaine Yves Gangloff
v00320,Forstmeister Geltz-Zilliken
v00321,Alain Geoffroy
v00322,Kistler
v00323,Montonale
v00324,Chateau Montelena
v00325,Guerrieri
v00326,Philippe Bouzereau - Chateau de Citeaux
v00327,Domaine Chapuis
v00328,Uva Mira Mountain Vineyards
v00329,Bouchard Père & Fils
v00330,Masi
v00331,Rombauer Vineyards
v00332,Domaine Bohrmann
v00333,Markus Molitor
v00334,Kosta Browne
v00335,J. Rochioli
v00336,Daniel & Marta Gantenbein
v00337,Thierry Pillot
v00338,Coppo
v00339,Domaine Weinbach
v00340,Eisele Vineyard
v00341,Hartmann Donà
v00342,Domaine de Montille
v00343,Domaine Jean-Louis Chave
v00344,Pierre-Yves Colin-Morey
v00345,Château de Fesles
v00346,Domaine Roger Belland
v00347,Arnaud Ente
v00348,Man O' War
v00349,Château de la Gardine
v00350,Emilio Rojo
v00351,Michel Bouzereau
v00352,Ridge
v00353,Edmond Vatan
v00354,Foris
v00355,Ratzenberger
v00356,Sea Smoke
v00357,Domaine Georges Vernay
v00358,Yves Cuilleron
v00359,Domaine Fernand & Laurent Pillot
v00360,Roux Père & Fils
v00361,Domaine Antonin Guyon
v00362,Château-Grillet
v00363,Ceritas
v00364,Telmo Rodriguez
v00365,Henri Clerc
v00366,DAOU
v00367,Domaine Follin-Arbelet
v00368,Francois et Antoine Jobard
v00369,Domaine Génot-Boulanger
v00370,Zanini
v00371,Bruno Colin
v00372,Robert Ampeau et Fils
v00373,Domaine Henri Boillot
v00374,ConcaEntosa
v00375,Domaine de la Vougeraie
v00376,Emrich-Schönleber
v00377,Domaine Blain-Gagnard
v00378,Allende
v00379,Ronchi di Cialla
v00380,Bodegas Luis Perez
v00381,Rocca di Montemassi
v00382,Marc Brédif
v00383,Hanzell
v00384,Dr. Heger
v00385,Ardhuy
v00386,Château de Meursault
v00387,Adrian et Diego Mathier
v00388,Pont Neuf Wines
v00389,Zonin
v00390,Domaine des Lambrays
v00391,Prager
v00392,Kenzo Estate
v00393,Delas
v00394,Hugel
v00395,Lothian Vineyards
v00396,Hudson
v00397,Domaine des Ardoisieres
v00398,Garnier et Fils
v00399,Antica Terra
v00400,Minuty
v00401,Château Saint-Maur
v00402,Villa M
v00403,Castello di Amorosa
v00404,Château d'Esclans
v00405,Bodegas Vilano
v00406,Domaine Sainte Lucie
v00407,Château Simone
v00408,Domaines Ott
v00409,Château La Sauvageonne
v00410,Le Coste
v00411,Château Sainte Marguerite
v00412,Fratelli Vogadori
v00413,Bartenura
v00414,Batič
v00415,Domaine Serisier
v00416,Monte da Ravasqueira
v00417,Weingut A. Diehl
v00418,Ruth Lewandowski
v00419,Robert Sinskey
v00420,Goldeneye
v00421,Marani
v00422,Notorious Pink
v00423,Château de Saint Martin
v00424,Château Barbeyrolles
v00425,Encostas do Lima
v00426,Domaine de l'Abbaye
v00427,Luccío
v00428,Seven Mountains Wine Cellars
v00429,Château de Caraguilhes
v00430,Cillar de Silos
v00431,Maison CR
v00432,Unti
v00433,José Maria da Fonseca
v00434,François Cotat
v00435,Fattoria Aldobrandesca
v00436,90+ Cellars
v00437,Michel Laurent
v00438,Kivelstadt Cellars
v00439,Born Rosé Barcelona
v00440,Alain Girard & Fils
v00441,Tbilvino
v00442,Parparoussis
v00443,R. López de Heredia Viña Tondonia
v00444,Commanderie de la Bargemone
v00445,Marcel Martin
v00446,San Salvatore
v00447,Tenuta Il Poggione
v00448,Elio Perrone
v00449,Venâncio da Costa Lima
v00450,Domaine la Colombette
v00451,Domaine des Diables
v00452,Proprieta Sperino
v00453,Franz Haas
v00454,Rezabal
v00455,VieVité
v00456,Scribe
v00457,Château Pigoudet
v00458,Muse
v00459,Gassier
v00460,Gut Oggau
v00461,Empathy
v00462,Château Barbebelle
v00463,Château de Montgueret
v00464,Le Paradou
v00465,Domaine du Castel
v00466,Valentini
v00467,Matthiasson
v00468,Château la Calisse
v00469,Roy René
v00470,L.A.S. Vino
v00471,Gran Moraine
v00472,Corzano e Paterno
v00473,Domaine de Marquiliani
v00474,Domaine de Cala
v00475,Curran
v00476,Boschendal
v00477,Vino dei Fratelli
v00478,Domaine Barcelo
v00479,Vallombrosa
v00480,Bressan
v00481,Domaine Ray-Jane
v00482,Balea
v00483,Buena Vista
v00484,Keltis
v00485,Château Ste Anne
v00486,Domaine Hippolyte Reverdy
v00487,Alain Gueneau
v00488,Stift Gœttweig
v00489,Castelfeder
v00490,Apriori
v00491,Weszeli
v00492,Malabaila
v00493,Pierpaolo Pecorari
v00494,Eric Kent
v00495,A Tribute to Grace
v00496,Illahe
v00497,Smith Story
v00498,Château La Gordonne
v00499,Château Les Crostes
v00500,Quinta da Sequeira
v00501,Tablas Creek Vineyard
v00502,Ehlers Estate
v00503,Domaine du Gour de Chaule
v00504,Stags' Leap
v00505,Withers
v00506,Malene
v00507,Andrian
v00508,Château Saint-Hilaire
v00509,Heidi Schröck
v00510,Prieler
v00511,Lieu Dit
v00512,Château de la Selve
v00513,Domaine Tempier
v00514,Frank Cornelissen
v00515,Ameztoi
v00516,La Tour Melas
v00517,Colinas de São Lourenço
v00518,Reymos
v00519,Mirabeau
v00520,Mud House
v00521,Liquid Farm
v00522,Innocent Bystander
v00523,Drouet Fréres
v00524,Tenuta Sant'Antonio
v00525,Silver Moki
v00526,Domaine de Fontsainte
v00527,Oliver
v00528,Saint Andre de Figuiere
v00529,Chatelain Desjacques
v00530,Teutonic
v00531,Pico Maccario
v00532,Long Meadow Ranch
v00533,Paraduxx
v00534,Pascal Jolivet
v00535,Peyrassol
v00536,Château La Tour de l'Évêque
v00537,Clos Cibonne
v00538,L'Anglore - Eric Pfifferling
v00539,Château de Campuget
v00540,Cantalupo
v00541,Amuse Bouche
v00542,Manincor
v00543,Domaine des Nouelles
v00544,Riunite
v00545,Domaine Lafage
v00546,Conte Ottavio Piccolomini
v00547,Château d’Ollières
v00548,Le Roi des Pierres
v00549,La Mascaronne
v00550,North Valley
v00551,Domaine du Paternel
v00552,Western Cellars
v00553,Wooing Tree
v00554,Scala Dei
v00555,Maison Williams Chase
v00556,Lakewood
v00557,Marchandise
v00558,Sono Montenidoli
v00559,Henri Badoux
v00560,Saraceni
v00561,Day Wines
v00562,Château de Pampelonne
v00563,Château Rasque
v00564,Chêne Bleu
v00565,Limerick Lane
v00566,Brotte
v00567,Steininger
v00568,Berri Estates
v00569,Château de Mauny
v00570,Wölffer Estate
v00571,New Age
v00572,La Vidaubanaise
v00573,Quinta de Ventozelo
v00574,Barone Montalto
v00575,L'Aventure
v00576,Monte Saline
v00577,Attanasio
v00578,Terra Santa
v00579,L'Avenir
v00580,Croteaux
v00581,Pascal et Nicolas Reverdy
v00582,Barefoot
v00583,Comincioli
v00584,Bedrock Wine Co.
v00585,Château Léoube
v00586,Le Contesse
v00587,Château de la Grille
v00588,Margerum
v00589,Della Staffa
v00590,Tenuta San Francesco
v00591,Pascal Lambert
v00592,Château le Puy
v00593,Maison l'Envoye
v00594,Domaine Les Trois Terres
v00595,Peregrine
v00596,Domaine de Pallus
v00597,Biserno
v00598,Château de Bellet
v00599,Brendan Tracey
v00600,Domaine de Montine
v00601,Chateau Réal Martin
v00602,Château Puech-Haut
v00603,Domaine La Bernarde
v00604,Domaines Bunan
v00605,Château Haut Gleon
v00606,Château de Pibarnon
v00607,Chivite
v00608,Christian Bamberger 1658
v00609,Populis
v00610,Estandon
v00611,Domaine de Terrebrune
v00612,Strehn
v00613,Domaine de la Garenne
v00614,Gothic
v00615,Wairau River
v00616,Jericho Canyon Vineyard
v00617,Spell
v00618,Arnot-Roberts
v00619,Bodega Otazu
v00620,Orenga de Gaffory
v00621,Château Saint Baillon
v00622,Rabble
v00623,Medlock Ames
v00624,Mt. Boucherie
v00625,Van Duzer
v00626,Division Villages
v00627,Alois Lageder
v00628,Château Margüi
v00629,Binigrau
v00630,Talai - Berri
v00631,Château Hermitage Saint-Martin
v00632,Camino Roca Altxerri
v00633,Bertaine & Fils
v00634,Herrenhof Lamprecht
v00635,Fattoria Sardi
v00636,Domaine Guillaman
v00637,Koerner
v00638,Barranco Longo
v00639,Santa Clerissa
v00640,Château Pradeaux
v00641,Domaine de la Baume
v00642,Domaine des Campaux
v00643,21 Brix
v00644,Breezette
v00645,Firma Gemoed
v00646,Saint Mitre
v00647,Château de Berne
v00648,Gavoty
v00649,Ferry Lacombe
v00650,Château Sainte Béatrice
v00651,Domaine de la Villaudière
v00652,Inman Family
v00653,Bulgarini
v00654,Le Vigne di Zamò
v00655,Château des Marres
v00656,Kayra
v00657,Comm. G.B. Burlotto
v00658,Château Saint Jacques d'Albas
v00659,Idlewild
v00660,Cataldi Madonna
v00661,Rosatello
v00662,Château Mangot
v00663,Château La Coste
v00664,Domaine de La Croix
v00665,Les Terriades
v00666,Wente
v00667,Bindella - Tenuta Vallocaia
v00668,Mathilde Chapoutier
v00669,Azul Portugal
v00670,Domaine de Pellehaut
v00671,Cà Maiol
v00672,Moorooduc
v00673,Gueissard
v00674,AIX
v00675,Chateau Purcari
v00676,Krug
v00677,Dom Pérignon
v00678,Perrier-Jouët
v00679,Louis Roederer
v00680,Bollinger
v00681,Taittinger
v00682,Jacques Selosse
v00683,Charles Heidsieck
v00684,Moët & Chandon
v00685,Altaneve
v00686,Billecart-Salmon
v00687,R. & L. Legras
v00688,Salon
v00689,Veuve Clicquot
v00690,Piper-Heidsieck
v00691,Rockford
v00692,Deutz
v00693,Ferrari
v00694,Mestres
v00695,Jacquesson
v00696,Schramsberg
v00697,Mandois
v00698,De Venoge
v00699,Philipponnat
v00700,Vve Fourny & Fils
v00701,Paul Déthune
v00702,Pol Roger
v00703,Armand de Brignac
v00704,Llopart
v00705,Alexandrie Cellars
v00706,Roger Brun
v00707,Ruinart
v00708,Ca' del Bosco
v00709,Laurent-Perrier
v00710,Henri Giraud
v00711,Domaine Carneros
v00712,Mailly
v00713,Collard Picard
v00714,Bruno Paillard
v00715,Pommery
v00716,Chandon
v00717,Rosell Boher
v00718,Sapience
v00719,Gramona
v00720,Doyard
v00721,Agrapart & Fils
v00722,Bellavista
v00723,Maso Martis
v00724,Thienot
v00725,Recaredo
v00726,Egly-Ouriet
v00727,Gosset
v00728,Cave Geisse
v00729,Pojer e Sandri
v00730,Roses de Jeanne
v00731,Marchesi di Gresy
v00732,Vilmart & Cie
v00733,Larmandier-Bernier
v00734,Henriot
v00735,Tesini
v00736,André Beaufort
v00737,Roscato
v00738,Ployez-Jacquemart
v00739,Duval-Leroy
v00740,Drappier
v00741,Diebolt - Vallois
v00742,Carbon
v00743,Casa Valduga
v00744,Guillaume S.
v00745,Leclerc Briant
v00746,Gloria Ferrer
v00747,Fallet-Prévostat
v00748,Francoise Bedel
v00749,Palmer & Co.
v00750,Roger Constant Lemaire
v00751,Tarlant
v00752,A Margaine
v00753,Boërl & Kroff
v00754,Lodali
v00755,Marc Hébrart
v00756,Joseph Perrier
v00757,Argyle
v00758,Comte Audoin de Dampierre
v00759,G.H. Mumm
v00760,La Scolca
v00761,Mumm Napa
v00762,Nani Rizzi
v00763,Steenberg
v00764,Bonvalet
v00765,Famille Moutard
v00766,Bonnaire
v00767,Summerhill Pyramid
v00768,Eric Rodez
v00769,Fèlsina
v00770,Banfi
v00771,Pierre Gimonnet & Fils
v00772,Marie-Noelle Ledru
v00773,Pere Ventura
v00774,Santero
v00775,Emmanuel Brochet
v00776,Ulysse Collin
v00777,Ca' d'Gal
v00778,Marguerite Guyot
v00779,Pierre Moncuit
v00780,Inniskillin
v00781,Maxime Cheurlin-Noëllat
v00782,Gemma
v00783,V. Sattui
v00784,JCB (Jean-Charles Boisset)
v00785,Oremus
v00786,Rolet
v00787,Royal Tokaji
v00788,Szepsy
v00789,Château Mossé
v00790,Pendits
v00791,Patricius
v00792,Château Dereszla
v00793,Disznókó
v00794,Avignonesi
v00795,Château Gilette
v00796,Argyros
v00797,Tramin
v00798,Capezzana
v00799,Tokaj Classic
v00800,Jean Darparens
v00801,Gino Pedrotti
v00802,Peller Estates
v00803,Paolo Bea
v00804,Montemercurio
v00805,Lis Neris
v00806,Donnafugata
v00807,Château Sigalas Rabaud
v00808,Château de Fargues
v00809,Domaine Ostertag
v00810,Fattoria del Teso
v00811,Bacalhôa
v00812,Kracher
v00813,Isole e Olena
v00814,Dolce
v00815,Tokajbor-Bene
v00816,Klein Constantia
v00817,Château Rieussec
v00818,Groot Constantia
v00819,Château Guiraud
v00820,Poli Distillerie
v00821,Château Climens
v00822,Château Pajzos
v00823,Sauska
v00824,Poliziano
v00825,Marco de Bartoli
v00826,Philippe Foreau
v00827,Domaine de Besombes Singla
v00828,Domaine Huet
v00829,Jorge Ordóñez
v00830,Baumard
v00831,Lornano
v00832,Megyer
v00833,Château Lafaurie-Peyraguey
v00834,Azienda Agricola Pisoni
v00835,Château Haut-Bergeron
v00836,Cacchiano
v00837,Josmeyer
v00838,R.L. Buller & Son
v00839,Coltibuono
v00840,Rocca di Montegrossi
v00841,Domaine Schoffit
v00842,Cantine Viola
v00843,Bepi Tosolini
v00844,Château Doisy-Daëne
v00845,Château La Tour Blanche
v00846,Kellerei Meran
v00847,Château Filhot
v00848,Gustave Lorentz
v00849,Vientos
v00850,Château Romer du Hayot
v00851,Azienda Agricola Accornero
v00852,Fattoria di Lucignano
v00853,Barbeito
v00854,Château Suduiraut
v00855,Királyudvar
v00856,Hétszölö
v00857,Brunelli
v00858,Marzadro
v00859,Tirecul la Gravière
v00860,Clos Haut-Peyraguey
v00861,Dozortsev Collection
v00862,Dönnhoff
v00863,Fattoria Zerbina
v00864,Weingut Benedict Loosen Erben
v00865,Angerhof Tschida
v00866,Erasmo
v00867,De Kasteelhoeve
v00868,Tamellini
v00869,Cantine Pellegrino
v00870,Grand Tokaj
v00871,Domaine Comelade
v00872,Cavit
v00873,Navarre
v00874,La Spinetta
v00875,Mission Hill Family Estate
v00876,Fernand Engel
v00877,Barberani
v00878,Ca' Rugate
v00879,Dobogó
v00880,Hexamer
v00881,Jos. Christoffel Jr.
v00882,Mosketto
v00883,Eroica
v00884,Roberto Mazzi
v00885,Speri
v00886,Azienda Agricola Biava
v00887,Anselmann
v00888,Château Raymond-Lafon
v00889,Bisson
v00890,Horácio Simões
v00891,Forlini Cappellini
v00892,Domaine Sigalas
v00893,François Chidaine
v00894,Merryvale
v00895,Fritz Haag
v00896,Domaine de Rancy
v00897,Leon Beyer
v00898,Morris of Rutherglen
v00899,Capichera
v00900,Domaine Cauhapé
v00901,Samuel Tinon
v00902,Badia di Morrona
v00903,Château Moncontour
v00904,Bacchereto
v00905,Wayne Gretzky Estates No. 99
v00906,Weingüter Wegeler
v00907,Hatzidakis
v00908,Fenech
v00909,San Giusto a Rentennano
v00910,Château Lamothe-Despujols
v00911,Château de Leberon
v00912,Berta
v00913,Fairview
v00914,Maculan
v00915,Lvnae
v00916,Barboursville
v00917,Hartwell Estate
v00918,Château Coutet
v00919,Weinrieder
v00920,Weingut Gunderloch
v00921,Patterson
v00922,Château Roumieu
v00923,Mamete Prevostini
v00924,Fanti
v00925,Domaine Zind Humbrecht
v00926,Teliani Valley
v00927,Domenis 1898
v00928,Kaltern Caldaro
v00929,Chappaz
v00930,Roccolo Grassi
v00931,Château de Montifaud
v00932,Santo
v00933,Château de Rayne Vigneau
v00934,Rocca di Castagnoli
v00935,Dr. Loosen
v00936,Taylor's
v00937,Toro Albalá
v00938,Niepoort
v00939,Quinta do Noval
v00940,C. da Silva
v00941,W. & J. Graham's
v00942,Valdespino
v00943,D'Oliveiras
v00944,Krohn
v00945,Kopke
v00946,Blandy's
v00947,Barbadillo
v00948,Fonseca
v00949,Dow's
v00950,Real Companhia Velha
v00951,Burmester
v00952,Warre's
v00953,Cockburn's
v00954,Constantino
v00955,Royal Oporto
v00956,Barros
v00957,Prager Winery and Port Works
v00958,Gonzalez-Byass
v00959,Croft
v00960,Borges
v00961,Messias
v00962,Ramos Pinto
v00963,Osborne
v00964,Sandeman
v00965,Quinta do Vesuvio
v00966,Quinta da Romaneira
v00967,Bodegas Tradición
v00968,Diez Mérito
v00969,Quinta do Pégo
v00970,Bodegas Ximénez-Spínola
v00971,Henriques & Henriques
v00972,Andresen
v00973,Quinta do Vale Meão
v00974,Pacheca
v00975,Grant Burge
v00976,Ferreira
v00977,Riveyrac
v00978,Campbells
v00979,Quinta do Silval
v00980,Quinta do Vallado
v00981,Equipo Navazos
v00982,Churchill's
v00983,Château Sisqueille
v00984,Perez Barquero
v00985,Quinta do Portal
v00986,Butler Nephew
v00987,Harveys
v00988,Rozès
v00989,J.W. Hart
v00990,Vista Alegre
v00991,Alvear
v00992,Poças
v00993,Cálem
v00994,Gould Campbell
v00995,Terres des Templiers
v00996,Alchemy Wines
v00997,Quevedo
v00998,Quinta do Estanho
v00999,Boplaas
v01000,Casa Santa Eufemia
v01001,Lustau
v01002,Cantine Intorcia
v01003,Quinta do Infantado
v01004,Quinta de Roriz
v01005,Delaforce
v01006,Augusto's
v01007,Hutcheson Feuerheerd & Associados
v01008,Quinta de S. José
v01009,Alves de Sousa
v01010,Wine & Soul
